image,Nose_x,Nose_y,Eye_x,Eye_y,Nearknee_x,Nearknee_y,Nearfrontfetlock_x,Nearfrontfetlock_y,Nearfrontfoot_x,Nearfrontfoot_y,Offknee_x,Offknee_y,Offfrontfetlock_x,Offfrontfetlock_y,Offfrontfoot_x,Offfrontfoot_y,Shoulder_x,Shoulder_y,Midshoulder_x,Midshoulder_y,Elbow_x,Elbow_y,Girth_x,Girth_y,Wither_x,Wither_y,Nearhindhock_x,Nearhindhock_y,Nearhindfetlock_x,Nearhindfetlock_y,Nearhindfoot_x,Nearhindfoot_y,Hip_x,Hip_y,Stifle_x,Stifle_y,Offhindhock_x,Offhindhock_y,Offhindfetlock_x,Offhindfetlock_y,Offhindfoot_x,Offhindfoot_y,Ischium_x,Ischium_y,x,y,w,h
labeled-data/Sample20/0001.png,219.9,65.7,207.9,37.8,162.0,118.5,158.1,141.6,164.4,154.2,182.1,113.1,177.0,135.9,173.4,148.79999999999998,174.9,73.2,166.2,57.0,153.9,90.3,149.7,89.7,150.6,37.5,67.8,111.9,54.9,141.0,53.7,154.2,105.6,46.2,104.4,83.39999999999999,95.7,117.9,109.2,147.6,119.7,154.5,76.8,63.9,53.7,154.5,166.2,117.0
labeled-data/Sample20/0002.png,219.0,63.6,205.2,35.1,158.7,117.9,152.7,141.9,160.5,154.2,185.7,113.7,186.9,136.79999999999998,188.4,150.0,176.4,73.2,165.6,55.8,156.29999999999998,90.3,151.5,90.9,150.6,37.8,68.39999999999999,112.5,60.9,140.4,52.5,151.5,105.0,46.5,102.0,87.89999999999999,91.2,117.3,102.9,148.5,112.8,153.9,75.89999999999999,63.0,52.5,154.2,166.5,119.1
labeled-data/Sample20/0003.png,217.2,58.8,203.1,32.7,156.6,117.9,149.7,141.6,153.29999999999998,154.2,187.2,113.7,194.1,138.9,198.3,150.6,177.0,73.2,165.9,55.8,158.1,91.2,154.2,90.9,150.9,37.8,69.6,111.0,66.0,140.1,56.4,148.2,105.0,46.5,100.2,87.3,90.0,117.3,98.7,147.9,109.8,154.5,75.6,62.1,56.4,154.5,160.79999999999998,121.8
labeled-data/Sample20/0004.png,213.0,53.4,200.4,30.0,153.9,117.6,146.1,141.0,150.29999999999998,154.2,189.9,116.7,198.9,141.29999999999998,205.5,152.7,177.9,73.2,167.1,55.8,159.0,91.2,154.2,90.9,151.5,38.1,72.3,110.7,69.89999999999999,139.2,59.4,147.9,104.7,45.0,99.6,87.0,88.8,117.0,93.9,147.6,104.4,154.79999999999998,75.3,60.3,59.4,154.79999999999998,153.6,124.79999999999998
labeled-data/Sample20/0005.png,209.1,50.7,197.4,27.0,152.4,118.2,140.7,141.0,147.0,154.2,189.6,120.0,198.0,142.79999999999998,205.2,155.1,179.1,73.2,167.1,55.8,163.5,92.1,155.1,91.5,151.5,38.1,75.89999999999999,109.5,75.6,139.2,66.3,147.9,104.1,42.9,97.5,86.1,86.39999999999999,116.1,93.0,146.4,101.7,155.1,75.89999999999999,57.9,66.3,155.1,142.8,128.1
labeled-data/Sample20/0006.png,208.5,50.1,197.1,25.2,150.6,118.8,141.29999999999998,141.0,146.7,154.2,188.4,119.7,198.0,143.1,204.0,156.0,180.3,73.2,167.7,56.1,163.79999999999998,92.1,158.4,92.1,151.79999999999998,38.4,77.39999999999999,109.2,75.6,139.2,66.89999999999999,149.1,104.1,42.3,96.9,85.8,83.39999999999999,115.2,89.7,145.5,98.4,155.1,75.0,56.4,66.89999999999999,156.0,141.60000000000002,130.8
labeled-data/Sample20/0007.png,206.7,48.3,195.9,24.3,147.29999999999998,118.5,138.9,140.7,143.1,153.6,185.7,120.9,192.9,144.9,201.6,156.29999999999998,180.9,73.8,167.7,56.1,165.29999999999998,92.1,158.4,92.1,152.1,38.4,78.89999999999999,107.4,80.1,139.79999999999998,76.2,149.4,104.1,41.7,96.6,85.2,83.1,115.2,86.1,145.2,95.7,155.1,75.6,56.7,75.6,156.29999999999998,131.1,131.99999999999997
labeled-data/Sample20/0010.png,202.8,46.5,194.7,24.0,151.5,120.0,136.79999999999998,140.4,132.6,151.5,172.5,123.0,177.6,147.6,184.5,154.79999999999998,177.29999999999998,74.1,167.7,56.1,158.7,91.5,154.79999999999998,91.8,153.0,38.4,93.3,110.4,103.5,138.29999999999998,105.3,151.2,103.2,39.9,94.5,84.89999999999999,76.5,112.2,75.6,144.29999999999998,79.8,155.4,76.5,54.9,75.6,155.4,127.20000000000002,131.4
labeled-data/Sample20/0011.png,202.8,50.4,195.0,25.8,157.79999999999998,121.5,143.4,141.6,133.5,149.4,171.6,122.7,172.79999999999998,147.0,184.5,154.79999999999998,177.29999999999998,74.39999999999999,165.9,56.1,156.9,91.5,152.4,91.8,153.0,38.1,93.9,110.7,110.1,139.79999999999998,112.2,152.1,102.3,39.9,93.3,84.89999999999999,74.7,112.8,66.3,144.6,75.6,155.7,76.2,55.5,66.3,155.7,136.5,129.89999999999998
labeled-data/Sample20/0012.png,204.6,51.6,196.5,27.0,158.4,121.8,145.79999999999998,141.6,133.79999999999998,147.9,168.9,122.7,172.2,146.7,180.6,155.1,177.29999999999998,74.39999999999999,166.2,56.1,156.9,90.6,151.2,91.8,152.4,37.8,98.1,111.9,110.1,139.79999999999998,117.3,152.4,100.2,40.8,93.3,85.8,73.5,112.8,68.39999999999999,144.9,73.2,155.1,74.1,57.3,68.39999999999999,155.1,136.2,128.1
labeled-data/Sample20/0013.png,206.4,54.0,197.4,28.2,163.79999999999998,122.4,149.7,140.7,139.79999999999998,145.5,168.0,122.7,167.4,146.7,177.9,155.4,177.0,74.39999999999999,166.2,56.1,156.29999999999998,89.7,151.2,91.8,152.1,37.2,101.7,113.4,114.6,140.7,122.1,152.7,99.3,41.7,92.4,86.39999999999999,71.1,113.1,64.8,144.9,71.1,156.0,74.7,57.6,64.8,156.0,141.60000000000002,127.8
labeled-data/Sample20/0014.png,208.8,55.5,201.3,31.2,174.0,121.5,155.7,138.29999999999998,147.29999999999998,145.5,166.5,121.5,164.1,146.1,174.9,155.7,177.6,73.8,165.9,54.6,156.29999999999998,89.7,151.2,91.5,150.29999999999998,37.2,104.1,114.9,118.8,141.6,126.3,153.6,99.3,41.7,90.9,87.3,71.1,114.3,60.9,145.5,68.7,156.9,72.3,61.2,60.9,156.9,147.9,125.7
labeled-data/Sample20/0016.png,220.2,59.4,209.4,34.5,183.6,116.7,175.5,137.7,170.1,147.29999999999998,155.7,120.3,155.7,144.0,165.6,155.7,175.79999999999998,72.89999999999999,165.9,53.4,154.2,85.2,149.1,90.3,149.7,36.0,102.3,117.0,112.8,144.6,120.9,154.79999999999998,97.5,44.7,87.0,89.39999999999999,64.8,113.7,51.6,145.2,58.5,156.0,71.7,62.1,51.6,156.0,168.6,121.5
labeled-data/Sample20/0017.png,225.0,61.2,212.7,35.4,187.8,115.5,185.7,137.4,181.5,148.79999999999998,155.1,120.0,150.6,144.29999999999998,161.7,156.0,175.79999999999998,72.89999999999999,165.9,53.4,152.4,86.1,146.7,90.3,149.4,35.4,98.1,116.7,107.7,146.1,120.3,155.1,99.6,45.3,86.39999999999999,90.3,62.7,113.7,50.1,143.7,54.9,155.4,72.6,63.0,50.1,156.0,174.9,120.6
labeled-data/Sample20/0018.png,228.3,60.0,213.6,35.7,189.0,115.5,186.0,137.4,182.4,148.79999999999998,153.6,119.7,150.0,144.6,158.1,156.0,173.7,72.89999999999999,165.9,53.7,152.4,85.2,146.4,90.3,149.7,35.7,96.0,118.2,106.8,146.4,117.9,155.1,100.5,46.5,86.7,90.3,61.5,113.4,49.8,143.4,51.3,156.0,72.6,63.0,49.8,156.0,178.5,120.3
labeled-data/Sample20/0019.png,229.5,59.4,215.1,35.1,191.4,115.2,193.5,137.7,192.9,148.79999999999998,153.6,119.7,146.1,144.29999999999998,154.2,156.0,173.7,72.89999999999999,166.2,54.0,151.2,85.8,146.4,90.3,149.7,35.7,94.2,117.6,102.3,146.4,115.8,155.4,100.2,47.1,87.6,90.3,61.2,113.4,49.5,143.1,48.0,154.79999999999998,72.89999999999999,62.7,48.0,156.0,181.5,120.9
labeled-data/Sample20/0020.png,233.7,58.5,217.2,34.5,192.3,114.9,198.9,138.0,203.7,149.7,148.2,119.4,144.6,144.29999999999998,151.5,155.7,173.4,74.39999999999999,166.2,54.9,149.7,85.8,145.79999999999998,90.3,149.7,36.0,93.9,117.9,101.1,146.7,111.9,155.4,100.5,45.9,89.1,89.7,60.6,113.4,49.5,142.5,48.3,153.0,72.89999999999999,62.1,48.3,155.7,185.39999999999998,121.19999999999999
labeled-data/Sample20/0021.png,236.4,55.8,220.2,33.0,196.2,114.9,205.8,138.9,212.7,151.2,147.9,119.4,138.29999999999998,143.4,147.0,155.7,173.1,75.0,166.2,56.4,149.1,86.39999999999999,145.5,90.3,150.0,36.3,90.9,117.3,95.7,146.4,109.5,155.7,100.5,45.9,91.5,89.7,60.9,112.5,55.8,142.2,50.1,151.2,74.1,60.9,50.1,155.7,186.3,122.69999999999999
labeled-data/Sample20/0022.png,238.8,51.9,220.5,30.3,196.2,117.6,206.1,140.7,216.0,152.1,144.0,118.5,136.5,143.4,142.2,155.7,172.2,76.8,166.2,56.4,148.2,86.39999999999999,144.6,90.3,150.6,37.2,89.7,115.5,93.9,145.79999999999998,103.2,156.29999999999998,102.0,44.1,93.3,88.5,66.89999999999999,111.0,60.0,141.29999999999998,52.8,148.79999999999998,74.39999999999999,59.7,52.8,156.29999999999998,186.0,125.99999999999999
labeled-data/Sample20/0023.png,240.3,50.4,221.1,29.1,194.7,119.1,202.5,143.1,211.2,154.79999999999998,141.9,120.3,133.79999999999998,142.2,139.5,155.4,172.2,78.0,166.5,57.3,147.29999999999998,86.1,143.7,90.3,150.6,37.2,88.5,114.6,88.2,144.9,99.3,156.29999999999998,102.6,44.1,96.6,86.1,69.6,109.2,69.0,141.29999999999998,57.3,148.5,75.89999999999999,58.2,57.3,156.29999999999998,183.0,127.19999999999999
labeled-data/Sample20/0024.png,240.6,49.5,221.7,28.2,193.8,120.6,202.2,144.9,209.4,155.7,141.0,119.7,132.6,142.2,135.6,155.1,172.2,78.3,166.5,58.5,146.1,86.39999999999999,143.7,90.3,152.1,37.2,87.3,114.3,87.89999999999999,144.6,95.7,156.0,103.5,42.6,98.4,84.3,73.2,109.5,68.39999999999999,140.1,61.8,149.1,76.5,56.7,61.8,156.0,178.8,127.8
labeled-data/Sample20/0025.png,240.6,49.2,221.4,27.3,188.7,123.0,196.2,145.2,206.4,156.0,140.7,119.4,129.6,142.5,132.9,155.1,171.9,79.2,166.79999999999998,58.5,145.5,87.0,143.7,90.3,152.7,37.2,85.2,114.0,84.89999999999999,144.9,94.8,156.29999999999998,103.8,42.3,99.9,83.1,75.0,110.4,74.7,140.4,71.39999999999999,149.7,78.0,54.6,71.39999999999999,156.29999999999998,169.2,128.99999999999997
labeled-data/Sample20/0027.png,239.4,50.1,221.1,26.7,180.9,122.1,186.6,145.5,200.4,156.0,140.7,119.4,128.1,141.29999999999998,123.6,154.2,171.9,78.89999999999999,166.79999999999998,58.5,145.5,87.3,143.7,90.3,153.0,37.8,77.1,111.9,74.7,144.6,81.89999999999999,157.2,105.0,40.5,103.5,78.6,80.7,109.2,92.1,139.5,93.6,150.9,78.6,54.3,74.7,157.2,164.7,130.5
labeled-data/Sample20/0028.png,238.8,50.7,221.4,27.9,177.29999999999998,121.8,181.5,145.5,190.8,156.0,146.4,120.9,130.5,143.1,121.2,152.7,172.2,78.89999999999999,167.1,57.9,145.5,87.3,143.7,90.3,153.6,37.2,75.89999999999999,111.3,72.0,144.6,77.39999999999999,156.9,105.3,40.5,104.7,78.3,83.39999999999999,109.5,102.3,141.29999999999998,105.6,152.1,77.7,54.9,72.0,156.9,166.8,129.0
labeled-data/Sample20/0029.png,238.8,51.9,222.0,28.5,174.6,121.2,176.4,145.2,185.7,156.29999999999998,153.9,121.8,138.6,142.5,126.9,147.9,172.79999999999998,77.7,167.1,57.9,146.1,87.3,143.7,90.3,153.6,36.3,72.6,114.6,65.39999999999999,143.7,74.39999999999999,156.6,102.3,40.5,105.9,78.3,88.5,111.6,108.0,142.2,113.4,153.0,77.39999999999999,56.1,65.39999999999999,156.6,173.40000000000003,128.1
labeled-data/Sample20/0030.png,238.2,54.0,223.2,30.0,173.7,120.6,174.9,144.9,183.6,155.4,153.29999999999998,121.5,138.6,142.2,127.2,147.0,174.29999999999998,76.8,167.1,56.1,146.7,88.5,144.29999999999998,90.3,152.1,34.8,72.3,114.9,65.1,144.29999999999998,69.3,156.29999999999998,101.1,40.8,105.6,78.0,92.7,113.1,108.6,143.7,116.4,153.6,76.8,56.7,65.1,156.29999999999998,173.1,126.29999999999998
labeled-data/Sample20/0031.png,237.6,57.0,224.1,31.5,172.2,120.6,171.29999999999998,144.6,178.5,155.4,160.79999999999998,121.8,145.79999999999998,139.79999999999998,132.9,148.79999999999998,174.29999999999998,76.8,167.4,56.1,148.2,88.8,144.29999999999998,90.3,152.1,34.8,69.6,115.5,59.4,144.0,69.89999999999999,156.29999999999998,101.1,40.5,103.2,78.3,98.1,114.3,112.8,144.9,120.0,154.79999999999998,76.5,57.6,59.4,156.29999999999998,178.2,124.79999999999998
labeled-data/Sample20/0034.png,239.7,59.1,228.0,31.8,162.9,118.5,157.79999999999998,143.4,164.4,155.4,184.5,114.9,174.29999999999998,135.29999999999998,166.79999999999998,147.0,177.9,73.8,168.0,54.9,154.2,89.39999999999999,147.9,89.1,149.7,34.8,63.0,115.5,49.2,143.1,54.9,155.4,100.5,43.2,102.3,81.3,98.1,118.2,108.3,148.2,120.9,156.0,74.1,60.3,49.2,156.0,190.5,124.2
labeled-data/Sample20/0035.png,241.2,56.7,227.4,29.4,159.9,118.5,152.4,143.1,159.29999999999998,155.1,186.9,114.0,184.2,135.9,180.9,148.2,180.0,73.5,168.29999999999998,54.6,156.29999999999998,89.7,149.4,89.1,150.0,34.8,63.9,114.6,47.7,142.2,45.9,153.29999999999998,100.5,43.2,99.3,82.5,90.0,118.5,102.3,149.7,118.2,156.29999999999998,74.39999999999999,60.3,45.9,156.29999999999998,195.29999999999998,126.89999999999998
labeled-data/Sample20/0036.png,241.5,53.7,227.4,28.5,157.79999999999998,118.5,152.4,142.5,157.79999999999998,155.1,189.0,113.4,186.6,136.5,180.0,148.2,180.9,73.2,170.1,54.3,157.2,90.0,150.9,89.1,150.29999999999998,35.1,60.9,111.9,50.4,141.29999999999998,48.0,154.2,100.5,42.9,99.0,83.7,89.1,118.5,101.4,149.7,111.3,156.6,74.1,59.7,48.0,156.6,193.5,128.1
labeled-data/Sample20/0037.png,241.8,53.4,227.4,27.3,155.7,118.5,149.1,141.9,155.4,155.1,190.8,113.4,194.1,136.2,192.3,150.6,180.9,73.2,170.1,54.3,158.7,90.0,151.2,89.39999999999999,150.9,35.1,60.9,110.4,52.5,141.0,47.7,150.9,100.5,42.9,99.0,83.39999999999999,88.2,117.9,97.2,150.0,108.3,156.9,73.8,59.4,47.7,156.9,194.10000000000002,129.6
labeled-data/Sample20/0038.png,242.1,51.9,225.3,26.1,153.0,118.5,144.29999999999998,142.2,151.79999999999998,155.1,193.2,114.6,200.7,138.0,210.0,151.2,182.1,73.2,171.29999999999998,54.3,160.79999999999998,90.6,152.1,90.0,151.2,35.1,62.1,108.9,56.4,140.7,48.6,150.29999999999998,100.2,41.4,97.5,84.3,84.3,117.6,92.7,149.4,105.3,157.2,73.5,58.2,48.6,157.2,193.5,131.1
labeled-data/Sample20/0039.png,242.1,44.1,223.8,23.7,150.0,118.5,141.29999999999998,142.2,146.4,155.1,193.2,117.0,202.5,140.7,211.8,151.79999999999998,182.4,73.2,171.6,54.3,163.2,90.9,153.29999999999998,90.3,151.2,35.1,66.6,110.7,60.0,141.29999999999998,49.8,147.29999999999998,100.2,40.5,96.0,82.2,84.0,116.7,89.39999999999999,148.79999999999998,101.4,157.2,72.6,55.5,49.8,157.2,192.3,133.5
labeled-data/Sample20/0040.png,242.4,43.5,222.3,21.9,147.6,118.5,138.29999999999998,141.9,141.6,154.79999999999998,193.5,118.2,202.2,142.79999999999998,209.4,154.79999999999998,183.9,72.6,171.6,54.3,164.7,91.2,155.4,90.6,151.2,35.4,68.39999999999999,110.1,65.39999999999999,140.7,55.5,147.9,100.2,39.6,95.1,82.2,79.8,115.8,85.2,147.9,96.6,156.6,71.7,53.1,55.5,156.6,186.9,134.7
labeled-data/Sample20/0041.png,242.4,42.9,222.0,21.3,144.0,118.2,134.4,141.29999999999998,136.2,154.5,186.9,120.3,194.1,145.2,201.9,156.0,183.9,72.6,171.9,54.3,166.5,91.5,157.2,90.6,151.5,35.4,72.3,109.5,74.1,139.79999999999998,67.5,150.29999999999998,100.2,39.6,92.7,82.8,78.0,115.5,81.3,146.7,92.4,156.9,71.7,53.1,67.5,156.9,174.9,135.6
labeled-data/Sample20/0042.png,242.4,44.4,222.3,22.2,143.1,117.9,134.7,141.29999999999998,136.2,154.5,186.0,120.9,194.4,146.1,203.4,156.6,186.0,72.6,172.5,54.3,167.4,90.9,159.29999999999998,90.9,151.79999999999998,35.4,71.39999999999999,107.1,73.8,139.5,69.89999999999999,151.5,100.2,39.6,93.0,82.8,76.5,115.2,78.6,147.29999999999998,87.89999999999999,156.29999999999998,71.7,52.5,69.89999999999999,156.6,172.5,134.4
labeled-data/Sample20/0044.png,241.5,46.2,222.6,22.8,143.1,118.5,130.79999999999998,140.4,129.6,154.79999999999998,177.29999999999998,123.0,186.0,147.29999999999998,196.8,156.6,185.4,72.6,173.1,54.3,164.7,90.0,157.2,91.5,153.6,35.7,82.5,111.3,89.39999999999999,140.1,94.5,152.7,100.2,39.0,91.8,83.7,73.5,114.3,72.0,147.0,79.5,156.6,71.7,52.8,71.7,156.6,169.8,133.79999999999998
labeled-data/Sample20/0045.png,241.2,47.4,223.5,24.9,148.79999999999998,120.0,133.2,140.7,129.0,153.6,175.2,123.0,180.0,147.9,193.2,156.29999999999998,183.3,73.2,173.7,54.6,161.4,90.0,156.6,91.5,153.6,36.0,87.89999999999999,111.6,98.1,140.7,104.1,153.6,100.2,39.0,91.5,84.3,72.3,114.0,67.8,147.0,74.39999999999999,157.5,72.6,53.1,67.8,157.5,173.39999999999998,132.6
labeled-data/Sample20/0046.png,241.2,49.5,223.8,28.2,154.5,120.6,142.2,141.6,130.2,149.7,171.6,122.1,175.5,147.29999999999998,183.6,156.9,181.8,73.2,173.7,54.6,160.2,90.0,155.4,91.5,153.6,36.0,92.1,113.4,105.3,141.9,112.5,154.5,100.2,38.7,91.2,84.0,68.1,115.2,62.7,147.29999999999998,68.1,157.2,72.0,53.1,62.7,157.2,178.5,129.0
labeled-data/Sample20/0047.png,240.6,55.8,226.2,30.0,163.2,120.3,147.29999999999998,141.29999999999998,134.7,145.5,169.5,120.6,171.6,145.79999999999998,180.9,156.29999999999998,182.4,70.2,173.7,53.4,159.9,87.0,155.1,91.2,153.9,35.1,96.9,114.3,111.0,142.2,118.8,155.1,100.2,38.7,87.6,87.0,67.2,114.9,58.2,146.4,63.0,157.5,72.0,55.2,58.2,157.5,182.39999999999998,127.5
labeled-data/Sample20/0048.png,240.6,58.2,227.7,31.5,163.2,120.3,148.2,141.0,137.4,145.2,168.9,120.3,170.1,144.9,177.0,156.0,182.4,70.2,174.0,52.5,159.9,86.7,155.1,90.0,153.6,34.8,98.1,115.8,113.4,143.1,121.5,155.4,98.1,39.3,88.2,87.3,63.9,114.9,57.3,145.5,62.1,157.79999999999998,71.7,55.8,57.3,157.79999999999998,183.3,126.29999999999998
labeled-data/Sample20/0051.png,241.2,64.8,232.5,37.2,184.5,113.7,174.0,136.2,166.2,145.2,159.9,119.7,157.2,144.29999999999998,165.9,156.0,181.2,69.3,172.5,50.7,156.0,85.5,153.9,88.2,151.5,33.6,96.9,118.5,110.7,147.6,122.7,156.0,97.2,42.3,83.39999999999999,88.2,57.6,115.5,45.6,146.1,50.1,156.6,69.3,58.5,45.6,156.6,195.6,123.0
labeled-data/Sample20/0052.png,243.0,64.8,234.6,38.7,189.6,112.2,184.2,135.9,178.2,147.29999999999998,155.7,119.7,153.6,144.29999999999998,161.7,156.0,180.0,70.8,171.6,52.2,154.79999999999998,85.5,152.4,88.5,151.5,33.6,91.8,118.5,106.5,148.5,114.3,156.6,98.4,44.1,84.3,87.89999999999999,56.7,115.5,41.7,145.79999999999998,46.2,156.6,68.39999999999999,60.3,41.7,156.6,201.3,123.0
labeled-data/Sample20/0053.png,244.2,63.9,234.6,36.3,193.5,111.6,194.1,136.2,191.7,148.2,151.2,120.0,147.9,144.29999999999998,158.4,156.0,178.2,72.89999999999999,171.6,54.3,153.9,85.5,151.5,89.1,151.79999999999998,33.9,89.39999999999999,118.5,99.3,148.79999999999998,112.2,156.6,99.3,45.0,84.0,88.5,54.3,114.6,40.8,144.9,42.0,155.4,68.7,59.7,40.8,156.6,203.39999999999998,122.69999999999999
labeled-data/Sample20/0054.png,245.7,61.5,234.9,36.0,194.1,111.9,195.9,136.5,193.8,148.2,151.5,120.6,147.0,144.9,151.5,156.9,178.2,75.0,171.9,54.9,153.6,85.5,150.29999999999998,90.0,153.0,35.7,88.8,118.8,98.4,149.1,107.4,157.2,100.2,44.7,85.5,89.39999999999999,54.3,113.1,43.2,143.7,41.1,155.1,69.0,60.0,41.1,157.2,204.6,121.49999999999999
labeled-data/Sample20/0055.png,246.0,60.9,234.6,34.2,197.4,113.4,202.5,137.4,207.9,148.2,148.5,120.6,143.4,144.6,148.2,156.9,178.2,75.6,171.9,55.2,152.7,85.5,150.0,90.0,153.0,36.0,86.7,118.5,96.3,149.1,105.9,156.9,100.2,44.1,86.39999999999999,88.8,54.6,112.5,46.5,144.0,41.1,153.0,69.0,59.4,41.1,156.9,204.9,122.7
labeled-data/Sample20/0056.png,248.7,57.9,233.7,31.2,198.9,116.4,207.3,140.4,215.7,150.9,147.6,120.3,141.0,144.9,146.4,156.9,177.9,75.89999999999999,171.9,56.4,150.9,85.5,148.5,90.6,153.0,35.7,85.2,117.9,90.3,147.29999999999998,101.4,156.9,100.2,44.1,88.5,87.89999999999999,55.8,111.3,51.0,142.5,42.3,152.4,69.89999999999999,58.2,42.3,156.9,206.39999999999998,125.7
labeled-data/Sample20/0057.png,249.3,55.2,232.2,29.7,198.0,118.8,206.7,142.79999999999998,214.2,153.6,146.4,120.0,136.2,144.6,141.6,156.6,177.0,76.8,171.9,56.4,150.0,85.5,146.4,90.6,153.0,35.7,81.6,116.7,86.39999999999999,147.29999999999998,96.9,156.9,99.0,42.6,90.9,85.8,60.9,112.2,55.5,142.79999999999998,45.6,150.6,70.2,57.9,45.6,156.9,203.70000000000002,127.2
labeled-data/Sample20/0058.png,249.3,53.7,231.6,27.3,193.2,122.1,200.4,145.5,211.5,155.4,141.6,120.3,132.0,144.0,137.1,156.9,175.79999999999998,78.0,171.9,56.7,149.4,85.5,145.2,90.6,153.0,35.7,79.5,115.5,80.39999999999999,147.29999999999998,92.7,157.2,99.3,41.4,95.7,83.39999999999999,64.8,110.1,61.8,142.2,54.0,149.7,70.5,57.0,54.0,157.2,195.3,129.89999999999998
labeled-data/Sample20/0062.png,248.4,49.2,231.0,26.1,180.6,123.0,186.3,146.4,194.4,155.7,145.5,121.5,128.4,142.5,124.2,154.2,174.9,78.89999999999999,170.4,58.8,147.9,86.7,144.0,90.3,155.4,36.0,69.89999999999999,114.6,67.2,147.6,73.5,157.79999999999998,102.3,38.7,103.2,75.0,80.39999999999999,112.8,90.3,141.29999999999998,93.6,152.1,72.6,55.5,67.2,157.79999999999998,181.2,131.7
labeled-data/Sample20/0063.png,247.8,51.0,232.2,26.4,177.6,122.1,181.5,146.4,190.8,154.79999999999998,151.5,122.1,136.2,143.1,126.0,150.9,176.1,77.1,170.4,57.6,149.4,86.7,147.0,90.3,155.4,35.7,67.5,113.7,63.9,147.0,66.6,158.1,102.3,38.7,104.7,75.0,85.8,111.6,101.4,143.1,105.0,152.7,73.5,56.7,63.9,158.1,183.9,131.7
labeled-data/Sample20/0064.png,247.8,52.5,233.1,27.6,174.6,121.5,175.79999999999998,146.4,186.6,153.9,159.9,122.7,143.1,142.5,130.79999999999998,149.1,176.4,76.8,170.4,57.0,150.0,88.5,147.29999999999998,90.3,154.2,35.1,66.3,113.7,58.2,146.1,65.7,157.5,102.3,38.4,106.2,74.7,92.1,114.3,109.2,144.0,113.1,152.7,74.39999999999999,56.4,58.2,157.5,189.60000000000002,129.9
labeled-data/Sample20/0067.png,247.8,61.2,236.7,33.9,168.0,118.2,167.4,144.6,175.79999999999998,154.79999999999998,175.79999999999998,117.3,160.2,138.29999999999998,153.9,145.79999999999998,178.79999999999998,74.1,171.29999999999998,53.1,153.9,87.89999999999999,150.0,89.39999999999999,152.1,33.9,63.0,114.0,46.5,145.79999999999998,54.3,156.6,100.5,40.8,104.7,76.5,100.2,116.7,118.2,147.29999999999998,124.8,155.7,73.8,58.2,46.5,156.6,201.3,122.69999999999999
labeled-data/Sample20/0068.png,247.8,63.6,238.5,36.6,165.29999999999998,118.2,161.4,144.0,169.79999999999998,155.7,180.9,116.1,172.79999999999998,138.0,169.5,146.1,180.3,72.6,172.2,51.6,157.2,87.6,150.9,88.5,152.1,33.0,59.4,114.6,44.1,145.5,50.1,158.1,101.1,41.4,104.7,76.8,99.0,117.9,112.2,148.2,121.8,156.0,72.89999999999999,59.4,44.1,158.1,203.70000000000002,125.1
labeled-data/Sample20/0069.png,248.4,65.39999999999999,239.4,38.4,163.2,118.2,159.29999999999998,144.0,165.0,155.1,186.3,115.2,183.3,136.5,179.7,146.4,181.5,70.8,174.29999999999998,51.3,158.1,87.6,151.5,88.5,152.4,33.0,58.8,114.3,42.6,144.29999999999998,44.4,157.2,102.9,40.8,102.3,79.2,93.0,117.3,108.0,148.79999999999998,117.9,156.6,72.89999999999999,59.1,42.6,157.2,205.8,124.19999999999999
labeled-data/Sample20/0070.png,249.3,65.1,239.7,37.2,159.29999999999998,118.2,154.5,142.79999999999998,161.1,155.4,190.2,114.0,193.5,135.6,192.3,148.2,183.3,69.89999999999999,174.29999999999998,51.0,160.79999999999998,89.1,155.7,89.1,154.2,33.0,57.6,114.3,44.1,143.1,42.3,154.79999999999998,103.8,41.1,102.6,79.2,89.7,119.1,104.4,149.7,115.8,156.29999999999998,73.8,59.1,42.3,156.29999999999998,207.0,123.29999999999998
labeled-data/Sample20/0071.png,252.3,63.6,240.0,36.0,156.6,118.5,149.4,142.79999999999998,157.5,155.4,195.6,115.2,201.0,136.5,204.3,149.4,185.4,70.2,174.6,51.0,163.2,90.6,157.79999999999998,90.9,155.4,33.0,57.6,111.9,48.3,142.5,42.0,151.5,103.8,41.1,100.8,78.6,87.3,119.4,98.1,150.0,108.3,156.9,73.5,58.2,42.0,156.9,210.3,123.9
labeled-data/Sample20/0072.png,252.3,61.5,239.7,35.4,154.79999999999998,118.5,147.0,143.1,154.79999999999998,155.4,196.2,115.8,202.5,138.6,205.2,149.7,187.5,70.5,174.9,51.6,163.79999999999998,91.2,159.0,90.9,155.4,33.0,60.6,110.4,51.9,142.5,44.4,150.6,104.7,40.2,99.6,79.5,86.7,119.1,97.2,150.6,106.5,156.9,73.2,56.7,44.4,156.9,207.9,123.9
labeled-data/Sample20/0073.png,252.3,60.3,238.2,33.6,150.29999999999998,119.1,145.79999999999998,142.5,150.9,155.4,198.0,117.6,207.9,140.7,213.3,152.1,187.8,72.89999999999999,175.2,52.2,165.6,92.7,159.6,90.9,155.7,33.6,61.2,111.0,54.9,142.5,45.3,150.0,104.7,40.2,98.7,80.7,84.3,118.8,94.2,150.6,102.6,157.5,73.5,55.5,45.3,157.5,207.0,123.9
labeled-data/Sample20/0074.png,252.3,58.2,237.3,33.0,149.4,119.4,141.29999999999998,141.29999999999998,144.29999999999998,155.4,196.8,120.3,207.3,143.4,214.2,153.9,188.1,72.89999999999999,175.2,52.2,167.7,92.7,160.5,91.2,156.29999999999998,35.4,64.5,110.7,60.6,142.2,47.7,148.79999999999998,104.4,39.0,98.1,80.39999999999999,84.0,117.9,89.7,149.1,100.5,156.9,73.5,54.6,47.7,156.9,204.60000000000002,123.9
labeled-data/Sample20/0075.png,252.3,55.5,236.4,31.2,148.5,119.4,137.7,141.9,140.7,155.4,195.9,120.9,203.1,144.9,211.5,155.7,189.3,72.6,176.4,52.8,169.79999999999998,92.4,162.0,93.3,156.6,35.7,68.39999999999999,109.5,69.6,140.7,64.2,151.2,103.8,36.9,97.5,81.3,80.39999999999999,116.7,84.0,148.2,90.9,157.2,73.5,52.8,64.2,157.2,188.10000000000002,125.99999999999999
labeled-data/Sample20/0079.png,251.7,56.4,237.6,30.9,152.1,120.0,133.5,141.29999999999998,129.9,151.79999999999998,181.8,122.7,186.6,146.7,196.2,156.9,190.2,72.3,179.1,52.8,167.1,90.6,161.1,91.8,159.0,35.7,86.39999999999999,109.8,98.1,139.5,102.3,153.0,104.4,36.3,94.8,82.5,75.0,114.9,71.1,147.29999999999998,78.3,157.5,74.1,51.3,71.1,157.5,180.6,126.6
labeled-data/Sample20/0080.png,251.7,58.2,238.8,31.8,156.9,120.6,144.0,141.6,132.29999999999998,148.79999999999998,179.7,122.1,184.2,147.0,191.4,156.6,189.9,70.8,179.7,52.8,164.7,88.5,157.5,90.0,159.9,35.1,92.1,111.9,106.5,141.9,109.5,153.9,104.7,36.3,94.8,82.5,72.3,114.9,67.5,146.7,73.2,157.2,74.39999999999999,51.6,67.5,157.2,184.2,125.39999999999999
labeled-data/Sample20/0081.png,251.7,58.8,240.3,34.5,165.9,120.9,149.1,141.29999999999998,139.79999999999998,146.4,177.0,121.5,177.0,146.7,187.5,156.6,189.9,68.1,179.7,51.6,165.29999999999998,87.89999999999999,158.7,90.0,162.0,34.8,98.7,113.4,115.2,141.9,119.7,153.9,104.7,36.3,94.5,82.8,70.8,114.6,62.4,146.7,69.3,156.9,74.7,52.8,62.4,156.9,189.29999999999998,122.4
labeled-data/Sample20/0085.png,253.2,66.89999999999999,246.0,40.8,191.7,114.9,180.3,134.7,171.29999999999998,145.2,167.4,119.1,163.79999999999998,143.7,171.29999999999998,156.0,189.9,66.0,179.7,46.2,164.1,85.2,159.9,87.6,162.6,29.4,102.9,117.0,117.6,146.4,127.8,156.29999999999998,103.2,40.8,91.5,85.2,62.7,114.3,47.7,145.5,51.9,155.7,72.0,59.4,47.7,156.29999999999998,205.5,126.89999999999998
labeled-data/Sample20/0086.png,255.0,66.89999999999999,246.9,40.8,195.6,113.7,191.4,135.6,183.9,147.29999999999998,163.79999999999998,118.5,159.29999999999998,144.0,167.4,155.7,189.0,68.39999999999999,179.7,48.3,161.4,84.6,157.79999999999998,87.6,162.9,30.0,98.7,117.9,111.6,148.2,120.9,156.6,103.2,41.1,90.6,86.1,62.4,114.3,47.1,145.2,49.8,156.9,72.0,59.7,47.1,156.9,207.9,126.9
labeled-data/Sample20/0087.png,255.6,65.39999999999999,246.9,39.0,199.8,113.1,200.1,135.6,197.1,148.2,160.79999999999998,118.8,154.5,143.7,162.9,156.0,188.1,69.89999999999999,179.7,50.4,160.5,84.0,156.29999999999998,87.6,164.1,31.2,96.0,118.2,106.2,148.2,120.3,156.29999999999998,103.2,42.9,90.9,85.8,60.3,114.3,45.9,144.0,44.1,155.7,72.3,58.8,44.1,156.29999999999998,211.5,125.09999999999998
labeled-data/Sample20/0088.png,256.2,64.2,246.6,36.9,201.9,113.1,207.6,136.2,211.8,147.6,155.4,119.7,149.4,144.6,157.5,156.0,186.3,72.3,179.7,51.6,158.7,84.0,156.29999999999998,87.6,164.1,31.5,91.8,117.9,100.8,147.6,112.2,156.29999999999998,103.2,42.9,91.8,86.1,60.0,112.8,49.8,143.1,44.1,153.6,73.5,57.3,44.1,156.29999999999998,212.1,124.79999999999998
labeled-data/Sample20/0089.png,257.4,61.8,246.3,36.0,204.3,114.6,213.9,138.29999999999998,220.5,150.29999999999998,152.1,119.4,144.6,143.4,153.29999999999998,156.29999999999998,185.4,73.8,179.7,52.8,156.6,84.6,153.0,89.1,164.1,32.1,90.6,117.0,95.4,147.29999999999998,108.3,156.29999999999998,104.7,42.9,93.9,85.2,61.5,111.3,56.4,141.9,46.8,149.1,74.7,54.9,46.8,156.29999999999998,210.59999999999997,124.19999999999999
labeled-data/Sample20/0090.png,258.9,60.6,245.7,35.4,204.3,115.8,214.5,138.9,221.7,152.4,150.9,119.4,142.5,142.5,148.5,156.6,185.4,74.1,179.1,54.9,155.1,84.89999999999999,150.6,89.1,164.1,33.0,88.5,116.4,94.2,147.9,103.2,156.29999999999998,105.0,42.3,96.3,83.7,63.9,111.3,56.4,141.9,48.0,148.79999999999998,74.39999999999999,53.4,48.0,156.6,210.89999999999998,123.6
labeled-data/Sample20/0091.png,258.9,56.7,244.8,34.2,204.3,117.6,213.9,140.4,222.0,153.0,149.1,119.4,139.79999999999998,142.2,145.5,156.0,185.1,76.2,179.1,56.4,155.1,84.89999999999999,150.6,89.1,164.4,33.3,88.2,115.8,90.0,147.6,97.5,155.7,105.0,42.3,98.1,82.2,64.8,111.0,60.9,142.2,51.6,148.79999999999998,74.39999999999999,53.4,51.6,156.0,207.29999999999998,122.7
labeled-data/Sample20/0092.png,258.9,56.7,243.3,32.7,199.8,119.1,208.8,144.6,218.1,153.9,145.5,120.0,136.2,141.9,141.9,156.0,183.9,76.5,179.1,57.6,153.0,85.2,149.7,89.1,164.4,33.9,81.6,114.6,85.2,146.4,95.1,155.7,105.0,41.1,99.6,81.0,69.3,110.4,67.5,139.79999999999998,59.1,149.1,74.39999999999999,52.5,59.1,156.0,199.79999999999998,123.3
labeled-data/Sample20/0096.png,258.3,60.6,244.2,33.3,183.6,121.5,189.6,145.79999999999998,199.2,154.79999999999998,149.1,119.7,132.6,140.4,126.3,153.29999999999998,182.1,75.0,176.4,57.3,152.1,84.89999999999999,148.2,88.5,163.5,32.1,72.3,112.8,68.1,144.9,74.1,156.29999999999998,105.9,36.0,107.7,73.8,83.7,107.7,93.3,140.4,96.3,150.6,75.6,50.4,68.1,156.29999999999998,190.20000000000002,124.19999999999999
labeled-data/Sample20/0097.png,257.1,60.9,244.8,34.5,180.9,120.0,185.1,145.5,193.5,154.2,154.5,120.0,137.7,140.7,128.4,150.0,182.1,74.7,175.2,56.7,152.4,84.89999999999999,149.1,88.5,163.5,32.1,70.2,112.8,66.0,144.29999999999998,71.7,156.29999999999998,105.9,36.0,108.0,73.5,87.0,108.9,103.2,141.0,105.0,150.9,76.5,50.1,66.0,156.29999999999998,191.10000000000002,124.19999999999999
labeled-data/Sample20/0098.png,257.1,61.5,244.8,37.8,177.29999999999998,119.1,178.2,144.6,187.8,154.2,162.6,120.6,145.2,141.0,132.29999999999998,147.29999999999998,182.7,74.1,175.2,56.1,153.6,85.5,149.4,87.89999999999999,163.2,31.8,67.5,112.8,59.1,144.29999999999998,66.3,156.9,103.8,37.5,109.2,73.2,94.8,113.4,108.9,141.6,115.2,152.7,76.5,50.4,59.1,156.9,198.00000000000003,125.10000000000001
labeled-data/Sample20/0100.png,255.3,69.3,246.6,44.4,170.4,117.3,169.2,142.79999999999998,175.5,153.9,176.1,115.8,163.5,134.4,151.79999999999998,145.2,182.4,70.8,175.2,51.6,155.4,86.39999999999999,150.0,87.0,161.7,28.8,61.5,111.6,49.2,144.29999999999998,54.3,158.1,100.8,39.9,108.6,75.6,101.4,116.7,118.8,145.79999999999998,126.9,154.5,75.3,53.7,49.2,158.1,206.10000000000002,129.29999999999998
labeled-data/Sample20/0101.png,254.1,73.8,246.6,47.1,165.0,116.4,161.7,143.1,169.5,153.9,183.9,113.4,172.5,135.6,166.2,145.79999999999998,183.6,69.3,175.2,49.8,158.1,86.39999999999999,150.29999999999998,87.0,160.79999999999998,28.5,59.4,112.5,43.5,144.6,47.1,157.79999999999998,102.3,40.2,105.3,77.39999999999999,99.9,118.2,113.4,147.0,122.7,155.1,74.1,54.9,43.5,157.79999999999998,210.6,129.29999999999998
labeled-data/Sample20/0102.png,254.1,74.39999999999999,247.2,46.5,164.1,116.7,160.79999999999998,143.1,168.6,154.2,183.9,113.1,174.0,134.7,166.5,145.79999999999998,184.8,68.39999999999999,174.6,49.5,158.4,86.39999999999999,150.9,86.7,161.7,29.1,58.5,112.8,43.5,144.6,45.3,157.5,102.3,41.1,104.4,78.6,98.1,117.6,113.7,147.9,121.2,155.4,74.1,56.7,43.5,157.5,210.6,128.4
labeled-data/Sample20/0103.png,253.8,75.6,247.2,46.5,162.29999999999998,116.4,157.5,143.1,165.29999999999998,154.2,188.7,111.9,182.7,133.79999999999998,178.2,146.4,184.8,67.8,174.6,49.5,160.2,86.39999999999999,151.5,86.7,162.0,29.1,57.0,112.8,40.5,144.0,42.0,157.2,102.0,42.3,104.1,78.6,94.8,117.3,107.7,148.5,116.4,155.7,73.8,57.0,40.5,157.2,213.3,128.1
labeled-data/Sample20/0104.png,253.8,76.5,247.2,47.4,157.79999999999998,116.7,151.5,142.5,161.1,154.79999999999998,191.4,111.6,195.3,133.79999999999998,189.0,146.1,186.3,67.5,174.9,49.5,161.7,88.8,153.6,86.7,162.6,30.0,52.2,112.8,41.7,142.5,38.7,154.5,102.0,42.3,102.0,79.2,86.39999999999999,116.7,102.3,149.7,114.0,156.0,73.2,56.1,38.7,156.0,215.10000000000002,126.0
labeled-data/Sample20/0105.png,253.8,73.8,246.9,45.3,153.9,116.7,146.4,142.79999999999998,153.9,154.79999999999998,197.4,112.8,203.4,135.9,204.6,148.5,186.3,67.8,175.2,50.1,163.2,90.6,156.0,87.6,162.6,30.0,55.8,111.0,47.1,142.2,39.0,151.2,102.6,40.8,101.7,79.2,84.3,116.1,95.4,150.29999999999998,108.3,156.6,72.6,54.9,39.0,156.6,214.8,126.6
labeled-data/Sample20/0106.png,254.1,66.0,244.8,42.0,149.4,117.9,140.4,142.79999999999998,146.4,155.7,198.6,115.5,207.9,140.4,214.8,150.29999999999998,187.8,69.89999999999999,175.79999999999998,50.1,165.9,92.4,156.29999999999998,89.7,162.0,32.4,58.8,111.0,52.8,142.5,42.6,148.79999999999998,102.6,39.6,97.2,79.8,83.1,115.5,89.39999999999999,149.4,100.2,156.9,70.5,53.1,42.6,156.9,211.5,124.5
labeled-data/Sample20/0107.png,255.0,64.8,243.6,39.6,146.1,117.9,137.1,142.2,142.2,155.4,197.1,118.8,210.0,143.7,216.9,154.2,188.1,70.2,177.6,51.6,168.6,92.4,158.1,90.3,159.29999999999998,32.7,61.5,110.4,58.8,141.9,51.3,149.1,102.0,38.1,96.6,79.5,78.89999999999999,114.3,84.6,149.7,95.1,157.2,69.6,51.9,51.3,157.2,203.7,124.49999999999999
labeled-data/Sample20/0108.png,255.3,63.9,243.3,38.7,144.9,117.6,135.9,141.0,140.7,156.0,196.5,121.2,207.9,144.6,217.2,153.9,188.1,70.2,177.6,52.2,170.7,93.3,159.9,91.5,159.29999999999998,33.0,63.6,109.2,59.4,140.7,52.8,148.5,101.1,37.2,95.7,79.8,77.39999999999999,114.0,83.7,148.2,93.6,157.2,68.7,49.8,52.8,157.2,202.5,124.19999999999999
labeled-data/Sample20/0109.png,255.3,63.9,242.7,37.8,140.4,118.2,132.9,141.0,135.0,156.0,194.1,122.4,202.5,144.9,211.2,155.4,188.1,70.2,177.6,53.1,169.79999999999998,93.0,159.9,91.5,159.29999999999998,33.0,66.6,108.3,66.3,140.4,63.9,150.0,100.8,37.2,93.9,79.8,75.3,114.0,78.89999999999999,147.29999999999998,88.8,157.5,68.7,49.5,63.9,157.5,191.4,124.5
labeled-data/Sample20/0112.png,252.0,62.4,240.9,36.3,142.2,118.8,129.9,139.2,124.8,151.79999999999998,179.1,120.9,183.0,147.0,192.9,154.5,187.5,69.89999999999999,177.29999999999998,51.9,161.4,88.2,157.2,90.9,159.9,33.3,81.89999999999999,108.9,92.7,140.4,98.7,153.29999999999998,99.3,35.4,90.6,80.39999999999999,66.89999999999999,112.2,63.9,146.4,69.6,158.4,68.39999999999999,48.6,63.9,158.4,188.1,125.10000000000001
labeled-data/Sample20/0113.png,249.9,65.7,240.9,37.8,150.0,120.9,135.9,140.1,123.9,149.4,173.1,120.3,178.5,146.4,187.2,155.4,185.7,69.0,176.4,51.0,159.29999999999998,85.8,155.7,89.7,157.5,32.1,82.8,110.1,101.7,141.6,105.3,154.5,97.8,35.1,88.5,81.3,63.6,111.9,55.8,146.1,63.6,158.7,67.8,51.3,55.8,158.7,194.10000000000002,126.6
labeled-data/Sample20/0114.png,249.9,65.7,241.8,38.7,149.7,120.9,135.0,140.4,125.4,147.9,172.79999999999998,120.0,177.0,146.4,185.1,155.4,185.1,67.5,174.29999999999998,50.7,159.29999999999998,85.8,153.29999999999998,88.5,156.6,30.0,87.0,113.4,102.0,141.29999999999998,108.3,154.2,97.5,35.1,87.89999999999999,81.3,62.4,111.6,55.5,145.5,63.3,159.0,66.0,51.0,55.5,159.0,194.4,129.0
labeled-data/Sample20/0115.png,250.2,66.3,241.8,39.9,158.7,120.3,141.9,138.9,131.4,145.79999999999998,169.5,119.7,173.4,145.79999999999998,180.3,155.4,183.3,66.0,174.29999999999998,50.1,158.1,84.6,150.0,87.89999999999999,156.29999999999998,29.1,91.5,114.0,108.3,141.0,115.5,154.2,97.5,35.1,87.6,81.3,62.4,111.3,50.4,145.2,55.5,158.4,64.5,53.1,50.4,158.4,199.79999999999998,129.3
labeled-data/Sample20/0118.png,248.7,73.5,243.0,45.3,182.7,113.7,171.9,133.79999999999998,165.0,143.7,158.4,118.2,158.7,144.29999999999998,164.4,154.79999999999998,181.8,63.3,172.2,48.3,156.29999999999998,82.5,148.5,86.1,154.5,27.9,95.1,117.3,108.6,147.29999999999998,118.2,156.29999999999998,93.6,40.2,82.5,86.7,55.2,113.7,37.5,145.2,41.4,159.29999999999998,64.2,57.6,37.5,159.29999999999998,211.2,131.39999999999998
labeled-data/Sample20/0119.png,249.9,73.8,243.9,44.4,189.0,110.1,182.4,134.1,177.0,145.2,155.7,117.6,152.7,143.7,158.7,154.79999999999998,181.8,63.9,172.5,48.3,156.0,83.1,150.0,86.39999999999999,154.79999999999998,27.9,89.7,118.2,101.1,148.79999999999998,111.3,156.0,94.8,40.8,80.1,86.7,51.6,112.5,34.5,143.7,33.3,157.79999999999998,64.2,58.2,33.3,157.79999999999998,216.60000000000002,129.89999999999998
labeled-data/Sample20/0120.png,251.4,73.2,243.9,44.4,189.3,109.8,183.3,134.1,177.29999999999998,146.4,154.5,117.3,149.7,143.4,156.29999999999998,154.79999999999998,181.5,66.89999999999999,172.5,48.3,156.0,83.1,150.0,86.39999999999999,155.4,29.4,87.89999999999999,117.9,102.0,149.1,108.0,156.29999999999998,95.4,41.4,82.2,86.7,52.2,111.6,34.8,143.4,33.9,157.2,64.2,59.1,33.9,157.2,217.5,127.79999999999998
labeled-data/Sample20/0121.png,251.7,72.6,243.6,43.2,192.3,109.5,195.0,134.4,195.0,145.2,152.4,117.0,145.5,142.2,150.6,155.1,180.9,68.7,172.5,48.3,153.29999999999998,83.39999999999999,150.0,86.39999999999999,155.4,29.7,85.8,118.5,96.3,148.79999999999998,105.6,156.0,95.4,41.4,83.39999999999999,86.7,52.2,111.6,37.2,143.7,32.4,156.29999999999998,64.5,58.2,32.4,156.29999999999998,219.29999999999998,126.59999999999998
labeled-data/Sample20/0122.png,252.0,71.1,243.3,41.4,195.9,110.4,201.3,135.0,205.5,146.4,147.29999999999998,117.6,139.5,142.2,145.79999999999998,155.1,179.7,72.3,171.6,50.1,151.5,84.3,147.0,88.2,156.6,31.5,82.2,119.1,91.2,149.7,105.0,156.0,96.6,43.5,86.39999999999999,86.39999999999999,52.5,110.4,42.6,143.1,33.3,154.2,64.5,56.4,33.3,156.0,218.7,124.5
labeled-data/Sample20/0123.png,252.3,66.89999999999999,242.1,39.3,197.7,112.5,208.5,136.5,213.6,148.79999999999998,144.29999999999998,118.2,135.6,143.1,142.5,155.4,177.6,73.5,171.0,51.9,150.0,84.89999999999999,145.79999999999998,88.8,156.9,32.1,80.1,117.3,87.0,148.2,96.9,156.29999999999998,97.5,43.2,88.8,85.8,54.6,111.3,47.7,143.4,36.9,151.5,65.1,54.9,36.9,156.29999999999998,215.4,124.19999999999999
labeled-data/Sample20/0124.png,252.3,63.9,240.9,36.9,196.2,116.7,208.8,139.2,216.3,151.2,141.6,118.5,131.1,142.79999999999998,139.2,155.7,176.7,75.3,170.1,53.7,147.29999999999998,84.89999999999999,143.1,88.8,157.2,32.4,78.6,116.4,81.0,146.1,91.2,156.29999999999998,98.1,43.2,89.7,83.7,59.4,111.0,55.8,141.6,46.2,150.6,66.0,52.5,46.2,156.29999999999998,206.10000000000002,123.89999999999998
labeled-data/Sample20/0125.png,251.4,59.1,240.9,35.7,193.5,117.9,202.8,143.4,215.1,153.29999999999998,138.0,118.5,128.7,142.2,129.29999999999998,155.4,176.4,75.6,169.79999999999998,55.5,147.29999999999998,84.89999999999999,141.6,88.8,157.79999999999998,33.0,74.39999999999999,114.3,74.7,145.79999999999998,85.8,156.29999999999998,99.9,37.5,91.8,81.89999999999999,60.9,109.8,62.7,141.29999999999998,60.3,149.1,66.6,50.1,60.3,156.29999999999998,191.10000000000002,123.29999999999998
labeled-data/Sample20/0126.png,252.0,57.6,240.9,35.1,193.5,119.1,202.8,143.7,213.9,153.6,138.0,118.5,128.4,142.2,128.1,154.79999999999998,176.7,76.5,169.79999999999998,55.5,146.7,84.89999999999999,141.29999999999998,88.8,157.79999999999998,33.0,74.1,115.5,76.2,146.1,85.5,157.2,99.9,38.7,95.1,78.89999999999999,65.39999999999999,108.0,63.6,141.29999999999998,61.8,150.29999999999998,68.1,49.2,61.8,157.2,190.2,124.19999999999999
labeled-data/Sample20/0128.png,250.5,57.9,240.3,34.5,184.8,120.6,192.3,145.5,204.6,153.6,137.4,118.5,120.3,142.5,121.5,153.0,176.1,78.6,170.1,54.9,145.79999999999998,86.1,140.7,88.8,159.0,32.7,68.1,112.8,67.8,145.5,74.39999999999999,157.5,102.0,36.6,102.0,74.1,73.5,107.7,82.8,141.0,87.0,149.4,70.5,47.7,67.8,157.5,182.7,124.8
labeled-data/Sample20/0129.png,250.5,58.5,241.2,36.3,180.0,120.3,187.2,144.9,198.3,153.9,142.2,119.4,125.4,141.9,116.7,152.4,177.0,78.0,170.7,54.6,147.29999999999998,86.39999999999999,141.29999999999998,88.8,159.9,32.7,66.6,113.1,61.5,145.2,69.3,157.79999999999998,102.6,36.3,105.0,71.39999999999999,81.0,109.5,94.8,142.79999999999998,100.2,149.7,72.3,47.7,61.5,157.79999999999998,189.0,125.09999999999998
labeled-data/Sample20/0130.png,249.9,61.8,241.5,37.2,178.2,120.0,181.5,144.0,193.2,153.6,146.1,119.7,130.5,141.9,120.3,149.7,178.79999999999998,77.1,170.7,54.3,148.2,86.39999999999999,144.9,88.8,158.7,31.5,64.8,112.8,56.7,145.5,62.7,158.4,102.9,36.3,105.9,73.8,87.6,112.5,104.7,143.4,108.6,150.0,73.2,48.9,56.7,158.4,193.2,126.9
labeled-data/Sample20/0131.png,249.0,66.0,242.1,38.7,174.9,118.2,177.6,144.0,188.4,153.9,157.79999999999998,120.9,140.1,140.4,126.9,145.79999999999998,180.3,75.6,170.4,53.4,149.4,86.39999999999999,145.5,88.8,158.7,30.6,62.4,112.2,51.0,144.6,57.3,157.2,100.5,36.9,106.2,73.8,91.8,112.8,112.2,143.7,118.2,150.9,72.0,51.3,51.0,157.2,198.0,126.6
labeled-data/Sample20/0132.png,248.1,67.8,242.7,40.2,174.0,117.9,176.7,143.4,186.3,154.79999999999998,158.7,119.7,141.6,139.79999999999998,129.6,144.9,181.2,74.7,171.0,52.5,150.6,86.39999999999999,147.29999999999998,88.2,158.1,30.6,62.7,112.5,51.0,145.2,57.9,157.5,100.5,36.9,107.1,73.8,97.5,114.6,114.0,143.1,119.1,152.4,72.3,51.9,51.0,157.5,197.1,126.9
labeled-data/Sample20/0134.png,245.4,72.3,243.3,44.1,168.29999999999998,115.8,168.6,142.79999999999998,177.6,154.5,176.4,116.4,160.2,135.9,149.1,144.0,182.7,70.8,173.1,48.9,154.5,86.7,148.79999999999998,86.39999999999999,156.6,29.4,57.6,112.5,42.6,144.29999999999998,47.7,157.2,100.5,38.1,107.1,75.89999999999999,101.7,117.3,120.3,146.4,129.29999999999998,155.4,72.0,54.9,42.6,157.2,202.8,127.79999999999998
labeled-data/Sample20/0135.png,244.2,75.6,243.6,46.2,164.7,115.5,162.6,142.79999999999998,173.1,155.1,183.9,114.3,169.5,137.7,162.0,143.1,184.5,69.6,174.0,47.1,158.1,86.7,150.0,86.39999999999999,154.79999999999998,29.1,55.2,112.5,37.8,144.6,41.7,159.0,101.4,39.9,105.3,78.0,98.4,118.2,114.3,147.6,126.0,156.6,72.3,56.1,37.8,159.0,206.39999999999998,129.9
labeled-data/Sample20/0136.png,243.3,76.5,244.5,48.3,161.1,117.3,158.7,142.5,166.5,155.1,190.2,111.9,182.7,137.4,175.79999999999998,143.7,186.0,69.0,174.6,46.8,161.1,86.7,151.79999999999998,86.39999999999999,155.4,29.1,52.8,112.5,36.9,144.6,36.3,158.4,102.3,40.8,103.2,82.2,91.8,118.5,108.3,148.79999999999998,117.9,156.29999999999998,72.3,56.1,36.3,158.4,208.2,129.3
labeled-data/Sample20/0137.png,244.8,74.7,244.8,47.1,157.79999999999998,117.3,154.2,142.5,159.29999999999998,154.79999999999998,194.1,110.7,194.1,136.79999999999998,190.2,144.29999999999998,188.4,68.39999999999999,176.4,46.8,163.2,86.7,155.7,86.39999999999999,157.5,29.1,51.0,111.9,36.9,142.5,32.4,155.4,102.3,40.8,102.0,83.7,90.3,118.8,102.9,150.0,115.2,156.29999999999998,72.6,56.1,32.4,156.29999999999998,212.4,127.19999999999999
labeled-data/Sample20/0138.png,246.6,72.89999999999999,245.1,46.5,156.29999999999998,116.7,154.2,142.5,159.29999999999998,154.5,195.9,110.4,195.9,135.9,191.4,144.6,188.4,68.39999999999999,179.1,48.0,165.0,86.7,157.5,86.7,157.5,29.1,52.5,109.8,39.3,142.2,32.1,152.4,103.2,40.5,101.4,84.0,88.5,118.8,102.0,150.0,111.9,156.6,71.39999999999999,54.3,32.1,156.6,214.5,127.5
labeled-data/Sample20/0139.png,246.9,72.3,245.1,45.3,153.6,116.7,148.2,141.6,153.6,154.79999999999998,199.2,111.9,203.4,136.2,207.6,146.7,189.6,68.1,179.1,48.0,166.79999999999998,87.0,158.7,87.6,158.4,29.1,53.4,110.1,41.1,141.9,33.0,152.7,103.8,40.2,99.0,83.39999999999999,87.3,118.5,98.4,150.0,108.9,156.6,70.8,52.5,33.0,156.6,213.9,127.5
labeled-data/Sample20/0140.png,248.4,71.39999999999999,244.2,42.6,150.29999999999998,117.3,143.7,142.2,151.79999999999998,155.4,200.1,114.3,210.9,138.9,217.5,150.29999999999998,189.9,68.39999999999999,180.3,48.0,169.79999999999998,89.39999999999999,161.4,89.7,159.0,30.0,55.2,111.3,47.4,143.1,37.2,152.4,102.9,38.1,98.7,82.8,85.8,116.7,93.3,149.4,103.2,157.2,70.2,51.0,37.2,157.2,211.2,127.19999999999999
labeled-data/Sample20/0141.png,248.7,69.89999999999999,243.9,41.4,147.6,117.0,138.6,142.5,144.9,154.79999999999998,199.2,117.3,210.9,142.5,217.8,153.0,190.5,68.7,180.3,49.2,171.6,89.7,163.5,89.7,159.6,30.6,59.1,111.6,53.1,142.2,40.5,150.9,102.0,35.7,96.0,81.6,84.0,116.7,88.5,148.5,99.0,157.2,69.89999999999999,49.5,40.5,157.2,208.2,126.6
labeled-data/Sample20/0142.png,249.0,66.89999999999999,242.7,38.7,143.1,116.7,135.0,141.9,138.6,154.79999999999998,195.3,119.1,207.0,143.7,216.3,154.2,191.4,68.7,180.6,49.2,174.6,90.0,165.29999999999998,89.7,160.2,31.8,62.7,110.1,59.7,142.2,56.1,151.79999999999998,102.9,35.7,96.9,81.3,81.0,115.5,84.0,147.6,93.0,158.4,70.5,47.7,56.1,158.4,192.9,126.60000000000001
labeled-data/Sample20/0143.png,249.9,64.8,242.7,38.7,141.0,116.7,132.9,141.0,133.5,156.6,189.6,119.4,199.8,144.9,208.5,154.79999999999998,192.3,68.7,181.8,50.1,173.1,90.3,162.6,89.7,160.79999999999998,32.1,67.5,109.2,69.89999999999999,140.7,66.6,152.7,104.1,35.7,94.8,81.3,78.89999999999999,114.3,78.89999999999999,146.4,86.7,158.7,70.8,47.1,66.6,158.7,183.3,126.6
labeled-data/Sample20/0144.png,252.0,63.0,242.1,37.8,141.0,117.3,131.7,141.0,133.5,156.6,189.3,119.7,198.0,145.79999999999998,207.0,155.4,192.6,68.7,182.7,51.3,173.4,90.3,162.6,89.7,161.7,32.4,66.0,108.6,69.6,140.7,68.7,153.0,104.7,35.1,94.8,81.3,76.5,113.4,79.8,146.7,87.6,158.7,70.8,46.5,66.0,158.7,186.0,126.29999999999998
labeled-data/Sample20/0147.png,249.6,64.8,242.1,39.9,148.79999999999998,119.4,131.1,140.4,124.2,153.6,179.4,120.9,183.6,146.7,189.0,155.7,190.8,69.6,182.4,51.9,166.79999999999998,86.1,161.7,90.3,161.7,32.7,87.0,111.6,100.2,139.79999999999998,106.2,152.1,102.6,34.5,92.1,84.3,70.8,113.4,63.9,146.7,71.7,159.0,71.7,46.8,63.9,159.0,185.7,126.3
labeled-data/Sample20/0148.png,247.5,68.39999999999999,242.1,41.4,156.29999999999998,120.9,140.1,141.0,126.3,151.5,176.1,120.3,178.79999999999998,146.4,187.2,155.7,190.2,68.1,182.4,51.3,166.79999999999998,86.1,160.5,90.3,160.5,31.5,93.9,113.7,109.5,141.0,114.3,153.6,101.7,35.7,91.8,84.3,69.3,113.4,58.8,147.0,64.5,159.29999999999998,71.39999999999999,48.6,58.8,159.29999999999998,188.7,127.79999999999998
labeled-data/Sample20/0149.png,245.4,72.3,242.1,44.1,163.79999999999998,120.6,149.4,138.6,135.29999999999998,148.5,172.2,119.7,173.7,146.1,181.8,155.4,188.7,66.89999999999999,182.1,50.7,165.0,85.5,160.2,89.7,160.2,31.2,98.4,114.6,115.5,144.29999999999998,122.4,154.79999999999998,99.6,39.0,90.3,86.1,67.2,113.7,53.4,146.4,60.0,159.29999999999998,70.8,50.1,53.4,159.29999999999998,192.0,128.1
labeled-data/Sample20/0150.png,244.5,73.2,242.1,45.3,163.79999999999998,120.3,149.4,138.29999999999998,135.0,147.6,171.0,119.1,171.0,145.2,179.7,155.4,188.4,66.0,181.2,49.5,164.7,84.89999999999999,159.6,89.1,159.29999999999998,31.2,98.4,115.2,115.5,144.0,124.5,155.1,99.6,39.0,89.1,87.0,64.2,114.0,52.8,147.0,59.4,159.6,68.7,53.1,52.8,159.6,191.7,128.4
labeled-data/Sample20/0153.png,240.6,80.7,241.8,49.2,186.9,114.0,180.0,135.29999999999998,176.4,147.0,165.0,118.2,157.2,144.9,165.0,156.9,187.5,67.2,179.4,48.3,160.5,81.89999999999999,157.79999999999998,88.5,157.5,30.3,96.3,119.1,111.0,149.4,120.9,158.7,99.6,43.2,85.2,89.1,60.6,114.3,39.9,147.6,42.9,159.6,69.3,57.6,39.9,159.6,201.9,129.29999999999998
labeled-data/Sample20/0154.png,243.0,79.5,241.5,49.2,190.8,112.8,191.1,134.7,187.2,147.0,160.2,118.2,153.6,144.6,159.6,156.9,186.6,67.8,179.4,48.3,159.9,81.89999999999999,155.4,88.5,157.79999999999998,30.3,91.5,119.4,105.3,150.9,116.1,157.5,99.9,44.1,85.2,89.1,58.5,114.0,38.4,146.1,36.9,158.7,69.0,57.0,36.9,158.7,206.1,128.39999999999998
labeled-data/Sample20/0155.png,243.0,78.89999999999999,240.3,48.9,194.7,111.6,201.0,136.5,202.2,148.5,158.1,117.9,147.9,144.0,153.29999999999998,156.29999999999998,186.0,71.1,178.2,49.5,159.9,81.89999999999999,154.5,88.5,159.0,30.6,88.2,118.8,98.1,150.6,108.6,156.9,101.4,43.5,87.0,89.1,56.4,112.2,42.3,145.79999999999998,36.0,157.2,69.0,57.0,36.0,157.2,207.0,126.6
labeled-data/Sample20/0156.png,243.0,76.5,240.0,48.9,195.3,111.3,201.0,136.5,204.0,148.5,155.7,117.9,146.1,144.29999999999998,151.79999999999998,156.0,185.1,72.6,178.5,50.1,159.9,82.8,153.9,88.5,159.29999999999998,31.2,85.8,118.8,97.8,150.6,106.2,157.2,102.6,43.5,89.1,88.5,57.0,110.4,44.4,144.9,37.5,156.29999999999998,69.3,54.9,37.5,157.2,205.5,125.99999999999999
labeled-data/Sample20/0157.png,242.7,75.0,239.1,47.4,197.4,113.4,204.9,138.0,212.1,148.5,150.9,118.8,142.2,144.0,147.9,156.0,183.3,74.1,178.79999999999998,51.3,157.5,84.89999999999999,152.7,90.0,160.2,31.5,83.39999999999999,118.5,93.3,150.6,101.7,156.6,102.9,43.5,91.2,87.3,57.0,110.4,48.3,144.9,38.7,153.0,69.3,54.0,38.7,156.6,204.0,125.1
labeled-data/Sample20/0158.png,241.8,70.8,237.6,44.7,198.3,115.2,207.6,139.5,215.1,150.6,150.0,118.5,137.1,143.7,144.9,155.7,180.6,75.89999999999999,177.6,54.0,155.4,84.89999999999999,150.9,90.0,160.2,32.1,80.7,117.6,88.5,149.4,99.6,156.6,103.5,43.5,93.9,86.1,60.9,110.7,52.8,144.6,42.3,151.2,69.89999999999999,54.0,42.3,156.6,199.5,124.5
labeled-data/Sample20/0159.png,240.9,68.7,236.4,43.8,196.5,119.1,206.1,141.9,214.8,151.5,143.1,119.1,132.6,142.79999999999998,136.2,155.7,180.3,76.8,176.4,54.6,153.29999999999998,84.89999999999999,148.79999999999998,90.0,159.9,33.9,77.7,115.8,82.5,148.2,91.2,156.9,104.1,40.8,97.5,84.0,63.0,111.0,59.4,144.0,51.6,151.2,70.8,52.2,51.6,156.9,189.3,123.0
labeled-data/Sample20/0160.png,239.7,66.3,234.9,42.3,192.0,121.8,200.7,144.29999999999998,211.5,153.9,141.9,118.5,129.0,142.5,130.79999999999998,156.29999999999998,178.79999999999998,78.3,175.5,55.2,152.4,84.89999999999999,147.9,90.0,159.9,34.2,75.3,115.2,77.1,147.29999999999998,87.89999999999999,157.2,104.4,38.4,99.9,81.3,66.0,109.5,67.2,142.79999999999998,66.3,151.79999999999998,74.1,50.4,66.0,157.2,173.7,122.99999999999999
labeled-data/Sample20/0162.png,237.3,65.7,233.7,41.4,181.5,122.1,188.7,145.5,199.8,154.2,142.2,118.8,126.0,141.9,122.4,156.0,176.7,79.8,175.2,57.3,150.9,84.89999999999999,146.1,90.0,159.9,34.2,69.6,112.5,67.2,147.29999999999998,75.89999999999999,157.5,106.2,36.6,108.9,73.8,75.89999999999999,108.3,88.5,141.0,93.6,152.1,74.39999999999999,49.2,67.2,157.5,170.10000000000002,123.3
labeled-data/Sample20/0163.png,237.3,65.7,233.7,41.4,181.8,122.7,188.7,145.5,196.8,153.9,142.5,118.5,126.3,141.29999999999998,123.3,153.29999999999998,177.6,79.2,175.5,57.9,150.9,84.89999999999999,146.1,90.0,159.9,34.2,67.5,112.8,65.39999999999999,147.29999999999998,74.7,158.1,106.8,36.6,110.1,73.8,79.8,108.9,89.7,140.4,92.4,152.1,76.2,49.2,65.39999999999999,158.1,171.90000000000003,123.89999999999999
labeled-data/Sample20/0164.png,236.1,66.6,233.7,41.7,178.2,122.1,183.0,145.5,193.5,153.9,147.0,120.0,128.7,141.0,124.2,151.5,177.6,78.6,175.79999999999998,57.9,151.2,84.89999999999999,146.4,90.0,159.9,34.2,64.2,113.1,61.2,147.0,70.2,158.1,106.2,36.6,109.8,73.5,87.89999999999999,110.1,99.9,141.9,105.0,152.7,77.1,49.2,61.2,158.1,174.89999999999998,123.89999999999999
labeled-data/Sample20/0165.png,234.3,68.1,233.7,43.8,173.4,121.2,177.6,145.2,186.6,154.79999999999998,154.5,121.2,135.9,142.79999999999998,125.7,148.2,178.5,78.6,175.79999999999998,57.9,151.5,87.89999999999999,149.1,90.0,159.0,33.3,63.6,113.1,57.6,145.79999999999998,63.3,158.7,106.2,36.6,110.4,73.2,94.2,112.8,108.9,144.0,112.8,152.7,77.39999999999999,49.8,57.6,158.7,176.70000000000002,125.39999999999999
labeled-data/Sample20/0166.png,233.1,70.2,233.7,45.3,171.6,120.9,173.1,144.6,183.6,154.5,163.2,121.5,144.9,140.4,132.0,147.29999999999998,179.7,77.1,175.5,55.8,153.6,88.2,150.0,90.0,157.2,33.3,63.6,113.1,52.8,146.1,60.6,158.7,105.3,36.9,111.9,72.89999999999999,100.2,114.3,117.3,144.9,123.6,153.6,77.1,51.6,52.8,158.7,180.89999999999998,125.39999999999999
labeled-data/Sample20/0168.png,229.5,75.6,233.4,48.6,164.1,117.9,163.5,143.1,170.4,154.2,179.7,113.7,162.9,135.9,154.79999999999998,144.9,183.3,72.6,175.5,51.0,158.4,86.39999999999999,153.6,87.3,156.6,30.6,60.0,114.0,43.5,145.2,47.4,158.7,103.2,38.1,110.4,74.39999999999999,106.8,117.3,124.2,147.0,130.2,155.1,75.6,54.6,43.5,158.7,189.9,128.1
labeled-data/Sample20/0169.png,229.5,75.89999999999999,233.1,49.5,164.1,118.5,164.1,143.7,169.2,154.2,181.2,112.8,161.7,135.9,156.29999999999998,144.0,184.5,71.1,175.79999999999998,49.8,160.2,86.39999999999999,156.0,87.3,156.9,30.3,57.9,114.0,41.1,145.79999999999998,45.6,159.0,103.2,38.7,110.1,76.2,106.5,117.6,123.3,147.29999999999998,129.29999999999998,155.4,75.89999999999999,55.5,41.1,159.0,192.0,128.7
labeled-data/Sample20/0170.png,228.9,78.6,232.8,49.2,160.79999999999998,117.6,157.5,142.5,163.79999999999998,154.2,187.2,111.0,172.2,136.2,166.5,144.6,186.6,69.89999999999999,176.1,49.5,161.1,86.39999999999999,157.2,87.0,156.9,30.3,56.4,113.7,38.7,144.9,41.4,158.4,103.2,39.6,109.5,76.8,103.2,117.9,116.4,147.6,126.9,154.79999999999998,75.89999999999999,56.1,38.7,158.4,194.10000000000002,128.1
labeled-data/Sample20/0171.png,230.1,76.5,232.8,49.2,156.6,118.2,154.5,142.5,160.5,154.2,190.5,109.2,187.5,135.9,180.9,144.6,188.7,68.1,177.29999999999998,48.0,163.79999999999998,86.39999999999999,158.7,87.0,157.5,30.3,54.0,113.7,36.3,144.6,37.2,157.2,104.1,39.9,109.5,78.3,96.3,118.2,113.4,148.79999999999998,122.7,155.7,75.89999999999999,56.4,36.3,157.2,196.5,126.89999999999999
labeled-data/Sample20/0172.png,230.1,76.5,232.5,47.7,152.4,118.2,148.2,141.6,155.1,153.0,194.4,110.4,195.6,135.29999999999998,194.4,145.2,189.9,67.5,177.9,48.3,167.1,87.6,159.9,87.0,158.1,30.3,51.9,111.3,37.8,143.4,34.2,154.79999999999998,105.0,39.9,108.0,78.6,94.8,118.2,106.2,149.4,116.4,156.6,76.8,55.2,34.2,156.6,198.3,126.3
labeled-data/Sample20/0173.png,230.4,73.5,232.2,46.2,149.7,117.9,143.4,141.0,150.29999999999998,153.9,198.0,111.0,203.1,135.6,205.2,144.0,191.1,67.2,179.7,48.9,168.9,88.8,161.4,88.5,161.7,30.3,55.2,108.9,43.5,143.1,35.7,153.0,105.6,38.7,105.9,76.8,93.0,117.9,100.8,149.1,112.8,155.7,76.5,53.7,35.7,155.7,196.5,125.39999999999999
labeled-data/Sample20/0174.png,232.5,71.1,232.2,45.0,147.0,117.3,138.6,140.4,144.0,153.9,199.2,112.8,208.2,137.4,214.2,148.2,192.3,67.2,181.5,50.1,171.29999999999998,90.0,163.5,88.5,161.7,30.9,57.9,109.5,48.0,143.7,41.7,150.6,105.0,36.3,105.6,75.3,92.1,116.1,96.0,148.2,107.7,155.7,76.8,50.7,41.7,155.7,190.8,124.79999999999998
labeled-data/Sample20/0175.png,232.8,67.2,232.2,43.5,145.5,116.7,137.7,141.0,143.7,153.9,200.4,114.6,208.8,137.7,215.7,148.5,192.3,67.8,181.2,50.1,171.6,90.3,165.0,89.7,162.6,31.5,60.0,109.8,49.5,142.79999999999998,40.5,149.4,105.0,36.0,105.6,73.8,89.7,114.9,96.6,147.9,104.4,155.4,76.8,48.0,40.5,155.4,192.3,123.9
labeled-data/Sample20/0176.png,233.4,66.3,230.4,39.6,143.4,117.0,135.0,140.4,139.79999999999998,153.9,200.4,116.7,207.9,138.9,217.2,150.0,192.3,67.8,181.5,51.0,174.6,90.9,165.0,89.7,163.2,32.1,61.8,110.1,55.8,141.29999999999998,47.4,150.6,105.0,36.0,104.7,73.5,87.6,114.6,93.0,147.29999999999998,101.7,155.4,77.7,45.3,47.4,155.4,186.0,123.30000000000001
labeled-data/Sample20/0177.png,233.1,64.5,229.2,37.5,140.7,117.0,132.29999999999998,139.79999999999998,134.1,153.6,197.4,117.6,204.3,140.7,211.5,151.5,192.6,68.39999999999999,182.1,52.2,174.9,90.9,166.79999999999998,90.0,163.79999999999998,33.0,64.8,107.7,64.5,139.5,58.8,151.2,106.2,34.8,104.4,75.0,86.1,113.4,88.5,145.79999999999998,96.9,155.1,78.0,44.4,58.8,155.1,174.3,122.1
labeled-data/Sample20/0178.png,232.5,62.1,228.6,38.7,138.9,117.6,127.8,139.79999999999998,129.29999999999998,153.9,189.9,120.6,200.1,142.2,206.4,152.1,192.6,68.1,182.1,53.4,174.9,90.9,167.7,90.6,164.4,33.6,70.8,105.3,75.0,139.2,72.89999999999999,152.4,106.8,33.9,103.2,75.0,84.3,113.1,83.7,144.9,90.3,155.7,78.3,43.8,70.8,155.7,161.7,122.1
